url,title
https://opskrifter.lidl.dk/,Opskrifter fra Lidl
https://opskrifter.lidl.dk/recipes/bagt-aeble-med-daddel-marcipanfyld-og-vanilje-sojayoghurt,Bagt æble med daddel-marcipanfyld og vanilje-sojayoghurt
https://opskrifter.lidl.dk/recipes/boeuf-bourguignon,Boeuf Bourguignon
https://opskrifter.lidl.dk/recipes/broedknodel-med-champignon,Brødknödel med champignon
https://opskrifter.lidl.dk/recipes/broedmuffins-med-aeg,Brødmuffins med æg
https://opskrifter.lidl.dk/recipes/buddhabowl-med-varmroeget-laks,Buddhabowl med varmrøget laks
https://opskrifter.lidl.dk/recipes/burger-med-boenneboef,Burger med bønnebøf
https://opskrifter.lidl.dk/recipes/croissantdessert,Croissantdessert
https://opskrifter.lidl.dk/recipes/fuldkornspasta-med-lammedeller,Fuldkornspasta med lammedeller
https://opskrifter.lidl.dk/recipes/fuldkornstortilla-med-kylling-aubergine-og-to-slags-salsa,"Fuldkornstortilla med kylling, aubergine og to slags salsa"
https://opskrifter.lidl.dk/recipes/graeske-koedboller-med-tzatziki,Græske kødboller med tzatziki
https://opskrifter.lidl.dk/recipes/gullasch-med-kartoffelmos,Gullasch med kartoffelmos
https://opskrifter.lidl.dk/recipes/hele-kyllingelaar-med-grillede-groentsager-og-vandmelonsalat,Hele kyllingelår med grillede grøntsager og vandmelonsalat
https://opskrifter.lidl.dk/recipes/japansk-groentsagstempura-med-chilimayo,Japansk grøntsagstempura med chilimayo
https://opskrifter.lidl.dk/recipes/kikaerteboeffer-og-soede-kartofler-med-sproed-spidskaalssalat,Kikærtebøffer og søde kartofler med sprød spidskålssalat
https://opskrifter.lidl.dk/recipes/koldhaevede-musliboller,Koldhævede müsliboller
https://opskrifter.lidl.dk/recipes/kylling-i-karry-med-pasta,Kylling i karry med pasta
https://opskrifter.lidl.dk/recipes/linse-svampesteg,Linse-svampesteg
https://opskrifter.lidl.dk/recipes/mini-rugbroed-med-kakao,Mini rugbrød med kakao
https://opskrifter.lidl.dk/recipes/nigiri-sushi,Nigiri sushi
https://opskrifter.lidl.dk/recipes/nudler-med-gris-og-chili-paste,Nudler med gris og chili paste
https://opskrifter.lidl.dk/recipes/one-pot-pasta-med-kikaerter,One pot pasta med kikærter
https://opskrifter.lidl.dk/recipes/pasta-med-hjemmelavet-roed-pesto,Pasta med hjemmelavet rød pesto
https://opskrifter.lidl.dk/recipes/ramen-med-udon-nudler-og-ribbensteg,Ramen med udon nudler og ribbensteg
https://opskrifter.lidl.dk/recipes/risotto-med-asparges-og-spinat,Risotto med asparges og spinat
https://opskrifter.lidl.dk/recipes/rosagroed,Rosagrød
https://opskrifter.lidl.dk/recipes/sandwich-med-bagt-aubergine-hummus-og-mozzarella,"Sandwich med bagt aubergine, hummus og mozzarella"
https://opskrifter.lidl.dk/recipes/sauerkrautgryde-med-peberfrugt,Sauerkrautgryde med peberfrugt
https://opskrifter.lidl.dk/recipes/souvlaki,Souvlaki
https://opskrifter.lidl.dk/recipes/spaghetti-med-asiatisk-twist,Spaghetti med asiatisk twist
https://opskrifter.lidl.dk/recipes/spansk-tapasbraet,Spansk tapasbræt
https://opskrifter.lidl.dk/recipes/spidskaalssalat-med-honningbagte-guleroedder,Spidskålssalat med honningbagte gulerødder
https://opskrifter.lidl.dk/recipes/tacos-med-pulled-chicken-og-pico-de-gallo,Tacos med pulled chicken og pico de gallo
https://opskrifter.lidl.dk/recipes/talkage-af-mazarin-lidl-foedselsdagskage,Talkage af mazarin | Lidl fødselsdagskage
https://opskrifter.lidl.dk/recipes/tigerrejer-og-groentsager-i-sproed-tempuradej,Tigerrejer og grøntsager i sprød tempuradej
https://opskrifter.lidl.dk/recipes/vegansk-aeble-sellerisuppe,Vegansk æble-sellerisuppe
https://opskrifter.lidl.dk/recipes/wienerschnitzel-med-brasede-kartofler-og-smoersauce,Wienerschnitzel med brasede kartofler og smørsauce
